{"cameraMode":{"drawMode":0,"name":"Shaded","section":"Shading Mode"},"sceneLighting":true,"audioPlay":false,"sceneViewState":{"m_AlwaysRefresh":false,"showFog":true,"showSkybox":true,"showFlares":true,"showImageEffects":true,"showParticleSystems":true,"showVisualEffectGraphs":true,"m_FxEnabled":true},"in2DMode":false,"pivot":{"x":-0.2825407087802887,"y":1.1047332286834717,"z":-0.948447048664093},"rotation":{"x":-0.050935640931129459,"y":0.9440802931785584,"z":-0.17502382397651673,"w":-0.27474740147590639},"size":10.503122329711914,"orthographic":false}