{"cameraMode":{"drawMode":0,"name":"Shaded","section":"Shading Mode"},"sceneLighting":true,"audioPlay":false,"sceneViewState":{"m_AlwaysRefresh":false,"showFog":true,"showSkybox":true,"showFlares":true,"showImageEffects":true,"showParticleSystems":true,"showVisualEffectGraphs":true,"m_FxEnabled":true},"in2DMode":false,"pivot":{"x":-1.1722583770751954,"y":1.4151456356048585,"z":-0.5154569149017334},"rotation":{"x":0.06386079639196396,"y":0.7529211640357971,"z":-0.07387889176607132,"w":0.6508326530456543},"size":1.2247449159622193,"orthographic":false}